ave_std,ave_gmean
43.556982961992134,141.6639239842726
